
[
      
    {
      "id": 1,
      "prenom": "Jon",
      "nom": "Snow",
      "age": 33,
      "sexe": "M",
      "adresse": "40 Rue Winterfell Westros",
      "telephone": "0606060606"
    }
    ,
    {
      "id": 2,
      "prenom": "Daenerys",
      "nom": "Targaryen",
      "age": 25,
      "sexe": "F",
      "adresse": "50 DragonStone Esos",
      "telephone": "0707070707"
    }
    ,
    {
      "id": 1,
      "prenom": "Monkey D.",
      "nom": "Luffy",
      "age": 19,
      "sexe": "M",
      "adresse": "Île des Hommes-Poissons",
      "telephone": "0000000000"
    }
    ,
    {
      "id": 2,
      "prenom": "Nami",
      "nom": "Arlong",
      "age": 20,
      "sexe": "F",
      "adresse": "Île des Hommes-Poissons",
      "telephone": "1111111111"
    }
    ,
    {
      "id": 1,
      "prenom": "Weel",
      "nom": "Ben Aissa",
      "age": 19,
      "sexe": "M",
      "adresse": "Nice, France",
      "telephone": "0606060606"
    }
    ,
    {
      "id": 2,
      "prenom": "Ali",
      "nom": "Haitam",
      "age": 21,
      "sexe": "M",
      "adresse": "Casablanca, Maroc",
      "telephone": "0707070707"
    }
    ,
    {
      "id": 3,
      "prenom": "Omar",
      "nom": "Saissi",
      "age": 18,
      "sexe": "M",
      "adresse": "Tunis, Tunisie",
      "telephone": "0808080808"
    }
    ,
    {
      "id": 1,
      "prenom": "Emmanuel",
      "nom": "Macron",
      "age": 56,
      "sexe": "M",
      "adresse": "Paris, France",
      "telephone": "0606060606"
    }
    ,
    {
      "id": 2,
      "prenom": "Angela",
      "nom": "Merkel",
      "age": 21,
      "sexe": "M",
      "adresse": "Berlin, Allemagne",
      "telephone": "0707070707"
    }
    ,
    {
      "id": 1,
      "prenom": "Alice",
      "nom": "Dupont",
      "age": 30,
      "sexe": "F",
      "adresse": "12 Rue de la Paix",
      "telephone": "0601020304"
    }
    ,
    {
      "id": 2,
      "prenom": "Bob",
      "nom": "Martin",
      "age": 35,
      "sexe": "M",
      "adresse": "8 Rue des Fleurs",
      "telephone": "0607080910"
    }
    ,
    {
      "id": 1,
      "prenom": "Michael",
      "nom": "Scofield",
      "age": 12,
      "sexe": "M",
      "adresse": "Fox River",
      "telephone": "0606060606"
    }
    ,
    {
      "id": 2,
      "prenom": "Lincoln",
      "nom": "Burrows",
      "age": 15,
      "sexe": "F",
      "adresse": "Sona",
      "telephone": "0707070707"
    }
    ,
    {
      "id": 3,
      "prenom": "Sara",
      "nom": "Tancredi",
      "age": 11,
      "sexe": "F",
      "adresse": "Sona",
      "telephone": "0808080808"
    }
    ,
    {
      "id": 4,
      "prenom": "LJ",
      "nom": "Burrows",
      "age": 13,
      "sexe": "M",
      "adresse": "Sona",
      "telephone": "0909090909"
    }
    ,
    {
      "id": 1,
      "prenom": "Aymane",
      "nom": "Elfiguigui",
      "age": 22,
      "sexe": "M",
      "adresse": "Tanger, Maroc",
      "telephone": "0606060606"
    }
    ,
    {
      "id": 2,
      "prenom": "Youssef",
      "nom": "El Garmit",
      "age": 25,
      "sexe": "M",
      "adresse": "Tanger, Maroc",
      "telephone": "0707070707"
    }
    
    ]
  