<?xml version="1.0" encoding="UTF-8"?>
<!--
    Décommenter la ligne ci-dessous pour visualiser
    l'output de chaque scénario
    PS : N'oublier pas de changer le numéro du scenario
    en fonction de celui que vous voulez visualiser

                ↓↓↓↓↓↓↓↓↓↓↓↓↓↓↓↓
-->
<!-- <?xml-stylesheet type="text/xsl" href="scenario_4.xslt"?> -->

<centre_de_sejours_linguistiques>

    <offre_de_sejour_linguistique>

        <sejour_linguistique>
            <id>1</id>
            <type_de_sejour>
                <colonies_de_vacances>
                    <annotation>
                        <documentation>
                            Colonie de vacances linguistique, destinée aux enfants et adolescents qui souhaitent apprendre l'anglais durant leurs vacances tout en s'amusant et en découvrant une nouvelle culture.
                        </documentation>
                    </annotation>
                </colonies_de_vacances>
            </type_de_sejour>
            <destination>Angleterre</destination>
            <cours_de_langue>Anglais</cours_de_langue>
            <test_de_langue>TOEFL</test_de_langue>
            <activites>
                <activite>
                    <culturelle>Musée de Londres</culturelle>
                    <sportive>Football</sportive>
                </activite>
                <activite>
                    <culturelle>Visite de la ville</culturelle>
                    <culinaire>Atelier cuisine anglaise</culinaire>
                </activite>
            </activites>
            <prix>1990.00</prix>
            <duree_de_sejour>10</duree_de_sejour>
            <clients>
                <client id="1" prenom="Jon" nom="Snow" age="33" sexe="M" adresse="40 Rue Winterfell Westros" telephone="0606060606"/>
                <client id="2" prenom="Daenerys" nom="Targaryen" age="25" sexe="F" adresse="50 DragonStone Esos" telephone="0707070707"/>
            </clients>
            <type_de_public>
                <enfants>
                    <annotation>
                        <documentation>
                            Cet élément représente un public d'enfants et d'adolescents.
                        </documentation>
                    </annotation>
                </enfants>
            </type_de_public>
            <accompagnateurs>
                <accompagnateur id="10" prenom="Arya" nom="Stark"/>
                <accompagnateur id="20" prenom="Sansa" nom="Stark"/>
            </accompagnateurs>
            <enseignants>
                <enseignant id="100" prenom="Tyrion" nom="Lannister" experience="Très malin">
                    <langues_parlees niveau="expert">français</langues_parlees>
                    <langues_parlees niveau="intermédiaire">anglais</langues_parlees>
                </enseignant>
                <enseignant id="200" prenom="Cersei" nom="Lannister" experience="Expérience suffisante">
                    <langues_parlees niveau="expert">anglais</langues_parlees>
                    <langues_parlees niveau="débutant">espagnol</langues_parlees>
                </enseignant>
            </enseignants>
            <date>2023-06-06</date>
        </sejour_linguistique>

        <sejour_linguistique>
            <id>2</id>
            <type_de_sejour>
                <immersions_en_famille>
                    <annotation>
                        <documentation>
                            Cet élément représente un séjour linguistique en immersion totale chez une famille d'accueil, destiné à permettre aux participants d'apprendre une langue étrangère tout en découvrant une nouvelle culture et en vivant une expérience authentique.
                        </documentation>
                    </annotation>
                </immersions_en_famille>
            </type_de_sejour>
            <destination>Japon</destination>
            <cours_de_langue>Japonais</cours_de_langue>
            <test_de_langue>JLPT</test_de_langue>
            <activites>
                <activite>
                    <culturelle>Visite du sanctuaire Fushimi Inari</culturelle>
                </activite>
                <activite>
                    <sportive>Kendo</sportive>
                </activite>
                <activite>
                    <culturelle>Expérience du théâtre Noh</culturelle>
                </activite>
                <activite>                    
                    <culinaire>Atelier sushi</culinaire>
                </activite>
            </activites>
            <prix>4000.00</prix>
            <duree_de_sejour>15</duree_de_sejour>
            <clients>
            <client id="1" prenom="Monkey D." nom="Luffy" age="19" sexe="M" adresse="Île des Hommes-Poissons" telephone="0000000000"/>
            <client id="2" prenom="Nami" nom="Arlong" age="20" sexe="F" adresse="Île des Hommes-Poissons" telephone="1111111111"/>
            </clients>
            <type_de_public>
                <adolescents>
                    <annotation>
                        <documentation>
                            Cet élément représente un public d'adolescents.
                        </documentation>
                    </annotation>
                </adolescents>
            </type_de_public>
            <accompagnateurs>
                <accompagnateur id="10" prenom="Roronoa" nom="Zoro"/>
                <accompagnateur id="20" prenom="Sanji" nom="Vinsmoke"/>
            </accompagnateurs>
            <enseignants>
                <enseignant id="100" prenom="Trafalgar" nom="Law" experience="Très malin">
                    <langues_parlees niveau="expert">japonais</langues_parlees>
                    <langues_parlees niveau="intermédiaire">français</langues_parlees>
                </enseignant>
            </enseignants>
            <date>2024-06-10</date>
        </sejour_linguistique>

        <sejour_linguistique>
            <id>3</id>
            <type_de_sejour>
                <groupes_scolaires>
                    <annotation>
                        <documentation>
                            Séjour linguistique pour des étudiants afin d'ameliorer leurs niveau de Portugais avec des joueurs de Football au Brésil.
                        </documentation>
                    </annotation>
                </groupes_scolaires>
             </type_de_sejour>
            <destination>Brésil</destination>
            <cours_de_langue>Portugais</cours_de_langue>
            <test_de_langue>CLES B2</test_de_langue>
            <activites>
                <activite>
                    <culturelle>Visite de Rio de Janeiro</culturelle>
                </activite>
                <activite>
                    <sportive>Match amical contre une équipe locale</sportive>
                </activite>
                <activite>
                    <culturelle>Excursion dans la forêt amazonienne</culturelle>
                </activite>
                <activite>
                    <sportive>Entrainement sur la plage de Copacabana</sportive>
                </activite>
                <activite>
                    <culinaire>Dégustation de la cuisine brésilienne</culinaire>
                </activite>
                <activite>
                    <aquatique>Plongée sous-marine</aquatique>
                </activite>
            </activites>
            <prix>1990.00</prix>
            <duree_de_sejour>10</duree_de_sejour>
            <clients>
                <client id="1" prenom="Weel" nom="Ben Aissa" age="19" sexe="M" adresse="Nice, France" telephone="0606060606"/>
                <client id="2" prenom="Ali" nom="Haitam" age="21" sexe="M" adresse="Casablanca, Maroc" telephone="0707070707"/>
                <client id="3" prenom="Omar" nom="Saissi" age="18" sexe="M" adresse="Tunis, Tunisie" telephone="0808080808"/>
            </clients>
            <type_de_public>
                <adolescents>
                    <annotation>
                        <documentation>
                            Cet élément représente un public d'adolescents.
                        </documentation>
                    </annotation>
                </adolescents>
            </type_de_public>
            <accompagnateurs>
                <accompagnateur id="10" prenom="Pep" nom="Guardiola"/>
                <accompagnateur id="20" prenom="Zinedine" nom="Zidane"/>
            </accompagnateurs>
            <enseignants>
                <enseignant id="100" prenom="Luiz" nom="Gustavo" experience="5 ans d'enseignement">
                    <langues_parlees niveau="expert">Portugais</langues_parlees>
                    <langues_parlees niveau="intermédiaire">Anglais</langues_parlees>
                </enseignant>
            <enseignant id="200" prenom="Neymar" nom="Jr" experience="3 ans d'enseignement">
                <langues_parlees niveau="expert">Portugais</langues_parlees>
                <langues_parlees niveau="intermédiaire">Français</langues_parlees>
            </enseignant>
            </enseignants>
            <date>2023-08-01</date>
        </sejour_linguistique>

        <sejour_linguistique>
            <id>4</id>
            <type_de_sejour>
                <sejour_pour_professionnels>
                    <annotation>
                        <documentation>
                            Un séjour linguistique destiné aux professionnels qui souhaitent améliorer leurs compétences linguistiques dans un contexte professionnel au USA et découvrir la culture américaine.
                        </documentation>
                    </annotation>
                </sejour_pour_professionnels>
            </type_de_sejour>
            <destination>USA</destination>
            <cours_de_langue>Anglais</cours_de_langue>
            <test_de_langue>TOEFL</test_de_langue>
            <activites>
                <activite>
                    <sportive></sportive>
                </activite>
                <activite>
                    <culturelle>Visite de la Maison Blanche</culturelle>
                </activite>
                <activite>
                    <professionnelle>Negociation avec Elon Musk</professionnelle>
                </activite>
                <activite>
                    <professionnelle>Visite des locaux de la NASA</professionnelle>
                </activite>
            </activites>
            <prix>5000.00</prix>
            <duree_de_sejour>3</duree_de_sejour>
            <clients>
                <client id="1" prenom="Emmanuel" nom="Macron" age="56" sexe="M" adresse="Paris, France" telephone="0606060606"/>
                <client id="2" prenom="Angela" nom="Merkel" age="21" sexe="M" adresse="Berlin, Allemagne" telephone="0707070707"/>
            </clients>
            <type_de_public>
                <adultes>
                    <annotation>
                        <documentation>
                            Cet élément représente un public d'adultes.
                        </documentation>
                    </annotation>
                </adultes>
            </type_de_public>
            <accompagnateurs>
                <accompagnateur id="10" prenom="Barack" nom="Obama"/>
            </accompagnateurs>
            <date>2023-08-01</date>
        </sejour_linguistique>

        <sejour_linguistique>
            <id>5</id>
            <type_de_sejour>
                <programme_de_volontariat>
                <annotation>
                    <documentation>
                    Ce séjour linguistique est destiné aux personnes qui souhaitent améliorer leur espagnol tout en participant à un programme de volontariat et donner des cours de français aux enfants espagnols.
                    </documentation>
                </annotation>
                </programme_de_volontariat>
            </type_de_sejour>
            <destination>Espagne</destination>
            <cours_de_langue>Francais</cours_de_langue>
            <activites>
                <activite>
                <culturelle>Visite du musée du cinéma de Barcelone</culturelle>
                <divertissement>Projection de films espagnols</divertissement>
                <culturelle>Visite du Santiago Bernabeu</culturelle>
                </activite>
            </activites>
            <prix>1000.00</prix>
            <duree_de_sejour>20</duree_de_sejour>
            <clients>
                <client id="1" prenom="Alice" nom="Dupont" age="30" sexe="F" adresse="12 Rue de la Paix" telephone="0601020304"/>
                <client id="2" prenom="Bob" nom="Martin" age="35" sexe="M" adresse="8 Rue des Fleurs" telephone="0607080910"/>
            </clients>
            <type_de_public>
                <adultes>
                <annotation>
                    <documentation>
                    Ce séjour linguistique est destiné aux adultes.
                    </documentation>
                </annotation>
                </adultes>
            </type_de_public>
            <accompagnateurs>
                <accompagnateur id="10" prenom="Sophie" nom="Lefebvre"/>
                <accompagnateur id="20" prenom="Jean" nom="Muller"/>
            </accompagnateurs>
            <date>2024-05-15</date>
        </sejour_linguistique>

        <sejour_linguistique>
            <id>6</id>
            <type_de_sejour>
                <groupes_scolaires>
                    <annotation>
                        <documentation>
                             Séjour linguistique pour des écoliers de 10 à 15 ans qui souhaite améliorer leur Japonais dans le Pays des Mangas.
                        </documentation>
                    </annotation>
                </groupes_scolaires>
            </type_de_sejour>
            <destination>Japon</destination>
            <cours_de_langue>Japonais</cours_de_langue>
            <activites>
                <activite>
                    <culturelle>visite du marché de Tokyo</culturelle>
                </activite>
                <activite>
                    <culinaire>degustation des spécialité locales dans le restaurant du chef etoilé Eiichiro Oda</culinaire>
                </activite>
                <activite>
                    <divertissement>Atelier Manga avec Mr Kishimoto </divertissement>
                </activite>
            </activites>
            <prix>1500.00</prix>
            <duree_de_sejour>7</duree_de_sejour>
            <clients>
                <client id="1" prenom="Michael" nom="Scofield" age="12" sexe="M" adresse="Fox River" telephone="0606060606"/>
                <client id="2" prenom="Lincoln" nom="Burrows" age="15" sexe="F" adresse="Sona" telephone="0707070707"/>
                <client id="3" prenom="Sara" nom="Tancredi" age="11" sexe="F" adresse="Sona" telephone="0808080808"/>
                <client id="4" prenom="LJ" nom="Burrows" age="13" sexe="M" adresse="Sona" telephone="0909090909"/>
            </clients>
            <type_de_public>
                <adolescents>
                    <annotation>
                        <documentation>
                            Destiné aux adolescents de 10 à 15 ans.
                        </documentation>
                    </annotation>
                </adolescents>
            </type_de_public>
            <accompagnateurs>
                <accompagnateur id="10" prenom="Theodore" nom="Bagwell"/>
                <accompagnateur id="20" prenom="Christina" nom="Rose"/>
            </accompagnateurs>
            <date>2023-07-01</date>
        </sejour_linguistique>

        <sejour_linguistique>
            <id>7</id>
            <type_de_sejour>
                <groupes_scolaires>
                    <annotation>
                        <documentation>
                             Séjour linguistique pour des étudiants visant à obtenir le diplôme de langue anglaise(TOEIC).
                        </documentation>
                    </annotation>
                </groupes_scolaires>
            </type_de_sejour>
            <destination>Angleterre</destination>
            <cours_de_langue>Anglais</cours_de_langue>
            <test_de_langue>TOEIC</test_de_langue>
            <activites>
                <activite>
                    <culturelle>visite du marché de Londres</culturelle>
                </activite>
                <activite>
                    <culturelle>Entretien avec Agatha Christie, la célèbre écrivaine </culturelle>
                </activite>
                <activite>
                    <culinaire>degustation des spécialité locales dans le restaurant du chef etoilé Gordon Ramsay</culinaire>
                </activite>
                <activite>
                    <divertissement>Atelier de cuisine avec Mr Gordon Ramsay </divertissement>
                </activite>
            </activites>
            <prix>900.00</prix>
            <clients>
                <client id="1" prenom="Aymane" nom="Elfiguigui" age="22" sexe="M" adresse="Tanger, Maroc" telephone="0606060606"/>
                <client id="2" prenom="Youssef" nom="El Garmit" age="25" sexe="M" adresse="Tanger, Maroc" telephone="0707070707"/>
            </clients>
            <type_de_public>
                <adolescents>
                    <annotation>
                        <documentation>
                            Destiné aux étudiants qui souhaitent obtenir leur TOEIC.
                        </documentation>
                    </annotation>
                </adolescents>
            </type_de_public>
            <accompagnateurs>
                <accompagnateur id="10" prenom="Theodore" nom="Bagwell"/>
                <accompagnateur id="20" prenom="Christina" nom="Rose"/>
            </accompagnateurs>
            <date>2023-10-01</date>
        </sejour_linguistique>

    </offre_de_sejour_linguistique>

</centre_de_sejours_linguistiques>